date,kp,ap
1932-01-01,2.0577782258064516,10.94758064516129
1932-02-01,2.1565991379310345,11.577586206896552
1932-03-01,2.748633064516129,18.221774193548388
1932-04-01,2.8444625,17.283333333333335
1932-05-01,2.346774193548387,14.60483870967742
1932-06-01,1.4472041666666666,6.629166666666666
1932-07-01,1.4502822580645163,6.854838709677419
1932-08-01,1.9583306451612903,11.689516129032258
1932-09-01,2.1694541666666667,12.15
1932-10-01,1.939548387096774,10.15725806451613
1932-11-01,1.7277916666666668,8.2875
1932-12-01,1.8211975806451612,9.07258064516129
1933-01-01,1.8817298387096772,9.745967741935484
1933-02-01,1.9270625,11.401785714285714
1933-03-01,2.1491814516129035,12.391129032258064
1933-04-01,2.315279166666667,12.4375
1933-05-01,1.9489516129032256,11.721774193548388
1933-06-01,1.6902833333333334,8.416666666666666
1933-07-01,1.5725887096774194,7.471774193548387
1933-08-01,1.7016129032258065,9.137096774193548
1933-09-01,2.1638958333333336,11.695833333333333
1933-10-01,1.9354959677419354,10.165322580645162
1933-11-01,1.8791791666666666,9.270833333333334
1933-12-01,1.4623629032258065,7.201612903225806
1934-01-01,1.305108870967742,5.903225806451613
1934-02-01,1.6071339285714286,8.0
1934-03-01,2.006725806451613,10.923387096774194
1934-04-01,1.299975,6.133333333333334
1934-05-01,1.2862500000000001,6.693548387096774
1934-06-01,1.122175,5.329166666666667
1934-07-01,1.2069395161290324,5.850806451612903
1934-08-01,1.850802419354839,9.07258064516129
1934-09-01,1.8527708333333335,10.1625
1934-10-01,1.2459475806451612,5.866935483870968
1934-11-01,1.0069041666666665,4.7625
1934-12-01,1.5161250000000002,8.274193548387096
1935-01-01,1.7298306451612904,8.758064516129032
1935-02-01,1.9091964285714287,9.790178571428571
1935-03-01,1.852157258064516,9.891129032258064
1935-04-01,1.370825,8.054166666666667
1935-05-01,1.174709677419355,6.165322580645161
1935-06-01,1.6735916666666666,9.425
1935-07-01,1.3709193548387097,6.657258064516129
1935-08-01,1.2284758064516128,5.407258064516129
1935-09-01,2.0722125,12.958333333333334
1935-10-01,2.081975806451613,12.366935483870968
1935-11-01,1.611075,8.233333333333333
1935-12-01,1.8319677419354838,9.366935483870968
1936-01-01,1.834641129032258,8.931451612903226
1936-02-01,2.064637931034483,10.89655172413793
1936-03-01,1.744608870967742,8.923387096774194
1936-04-01,2.2861208333333334,14.608333333333333
1936-05-01,1.9005483870967743,10.245967741935484
1936-06-01,1.9916583333333333,11.841666666666667
1936-07-01,1.8790040322580646,10.544354838709678
1936-08-01,1.1303508064516128,5.004032258064516
1936-09-01,1.0985624999999999,4.808333333333334
1936-10-01,1.5053790322580645,8.661290322580646
1936-11-01,1.6707958333333333,9.583333333333334
1936-12-01,1.137092741935484,5.395161290322581
1937-01-01,1.4583225806451612,7.133064516129032
1937-02-01,2.388370535714286,12.772321428571429
1937-03-01,1.971774193548387,11.89516129032258
1937-04-01,2.3458083333333333,20.0875
1937-05-01,2.1505483870967743,12.89516129032258
1937-06-01,2.2499875,11.9
1937-07-01,2.1733709677419353,12.22983870967742
1937-08-01,1.6491733870967742,10.25
1937-09-01,1.7638541666666667,9.166666666666666
1937-10-01,2.783576612903226,19.971774193548388
1937-11-01,2.1110875,11.566666666666666
1937-12-01,1.8494556451612902,9.737903225806452
1938-01-01,3.1344032258064516,28.471774193548388
1938-02-01,2.5312410714285716,15.959821428571429
1938-03-01,2.0483467741935484,13.209677419354838
1938-04-01,2.5388499999999996,18.3875
1938-05-01,2.3561895161290325,17.758064516129032
1938-06-01,1.7472166666666666,8.979166666666666
1938-07-01,2.0577701612903225,13.201612903225806
1938-08-01,2.0053669354838712,12.42741935483871
1938-09-01,2.3777749999999997,16.9125
1938-10-01,2.452967741935484,16.483870967741936
1938-11-01,1.9722208333333335,10.0375
1938-12-01,2.0389596774193546,11.326612903225806
1939-01-01,1.6263266129032259,7.137096774193548
1939-02-01,2.386901785714286,15.232142857142858
1939-03-01,2.9368104838709677,19.072580645161292
1939-04-01,3.2194291666666666,27.966666666666665
1939-05-01,3.0645080645161293,21.338709677419356
1939-06-01,2.595829166666667,15.075
1939-07-01,2.6518548387096774,18.971774193548388
1939-08-01,2.107516129032258,18.911290322580644
1939-09-01,2.236083333333333,13.175
1939-10-01,2.743310483870968,21.641129032258064
1939-11-01,1.7694416666666666,8.666666666666666
1939-12-01,2.075274193548387,11.008064516129032
1940-01-01,2.4798306451612904,15.036290322580646
1940-02-01,2.324715517241379,12.34051724137931
1940-03-01,2.774153225806452,36.46370967741935
1940-04-01,2.3472250000000003,17.641666666666666
1940-05-01,2.2150443548387098,13.459677419354838
1940-06-01,2.3374916666666667,16.416666666666668
1940-07-01,2.1330604838709677,11.774193548387096
1940-08-01,2.0268266129032257,10.72983870967742
1940-09-01,2.2013708333333333,13.954166666666667
1940-10-01,2.2876250000000002,14.225806451612904
1940-11-01,2.5069250000000003,15.95
1940-12-01,2.560483870967742,14.580645161290322
1941-01-01,2.48654435483871,14.076612903225806
1941-02-01,2.90178125,17.821428571428573
1941-03-01,3.4327862903225808,32.806451612903224
1941-04-01,2.363870833333334,14.929166666666667
1941-05-01,2.1223024193548388,10.689516129032258
1941-06-01,1.9958125,10.866666666666667
1941-07-01,2.2836129032258063,19.366935483870968
1941-08-01,2.327959677419355,16.27016129032258
1941-09-01,2.6610958333333334,26.604166666666668
1941-10-01,1.9905967741935484,11.326612903225806
1941-11-01,2.43335,16.0375
1941-12-01,1.9973387096774196,11.358870967741936
1942-01-01,1.8683024193548388,9.03225806451613
1942-02-01,2.096705357142857,11.808035714285714
1942-03-01,2.942185483870968,22.294354838709676
1942-04-01,2.4749958333333333,17.070833333333333
1942-05-01,1.6209758064516129,7.782258064516129
1942-06-01,1.6957833333333334,7.8875
1942-07-01,2.3225685483870966,12.681451612903226
1942-08-01,2.2701290322580645,12.77016129032258
1942-09-01,2.7027666666666668,16.95
1942-10-01,2.948911290322581,22.193548387096776
1942-11-01,2.5763916666666664,14.566666666666666
1942-12-01,1.9636895161290322,10.701612903225806
1943-01-01,1.9596733870967742,10.766129032258064
1943-02-01,1.9017857142857142,9.361607142857142
1943-03-01,2.2567096774193547,13.05241935483871
1943-04-01,2.3361375,14.154166666666667
1943-05-01,2.3656129032258066,14.475806451612904
1943-06-01,2.2472374999999998,12.383333333333333
1943-07-01,2.533592741935484,14.75
1943-08-01,3.5483709677419353,31.181451612903224
1943-09-01,3.4430666666666667,25.454166666666666
1943-10-01,3.1438387096774196,23.504032258064516
1943-11-01,2.8013625,20.233333333333334
1943-12-01,2.3373830645161293,14.05241935483871
1944-01-01,2.278254032258064,12.725806451612904
1944-02-01,1.9856422413793102,11.780172413793103
1944-03-01,2.6209516129032258,17.254032258064516
1944-04-01,2.293016666666667,15.154166666666667
1944-05-01,1.7540322580645162,9.34274193548387
1944-06-01,1.6791791666666667,7.6625
1944-07-01,1.4112782258064516,5.685483870967742
1944-08-01,1.8320161290322583,9.120967741935484
1944-09-01,1.9999708333333333,10.220833333333333
1944-10-01,2.056443548387097,11.096774193548388
1944-11-01,1.2791375,6.179166666666666
1944-12-01,2.0739032258064514,13.576612903225806
1945-01-01,1.8091290322580644,10.15725806451613
1945-02-01,2.0208258928571428,10.116071428571429
1945-03-01,2.4395,16.899193548387096
1945-04-01,2.1472208333333334,13.008333333333333
1945-05-01,1.9758145161290324,9.028225806451612
1945-06-01,1.4986,6.795833333333333
1945-07-01,1.7728467741935483,9.455645161290322
1945-08-01,1.4852096774193548,7.096774193548387
1945-09-01,1.8194416666666666,9.6875
1945-10-01,1.877693548387097,11.25
1945-11-01,1.4277333333333333,7.5125
1945-12-01,2.075233870967742,13.141129032258064
1946-01-01,2.079290322580645,12.491935483870968
1946-02-01,2.685995535714286,22.196428571428573
1946-03-01,3.1330524193548386,33.40725806451613
1946-04-01,2.5375125,19.716666666666665
1946-05-01,2.6680403225806453,17.616935483870968
1946-06-01,2.579179166666667,16.133333333333333
1946-07-01,2.7002983870967743,22.076612903225808
1946-08-01,1.9085967741935483,11.40725806451613
1946-09-01,3.2513958333333335,34.34583333333333
1946-10-01,2.295713709677419,13.044354838709678
1946-11-01,2.2486125,12.370833333333334
1946-12-01,1.899197580645161,9.165322580645162
1947-01-01,2.1115362903225807,12.491935483870968
1947-02-01,2.0461160714285715,11.745535714285714
1947-03-01,3.498661290322581,32.266129032258064
1947-04-01,2.652779166666667,17.591666666666665
1947-05-01,2.389766129032258,14.040322580645162
1947-06-01,2.6624958333333333,15.945833333333333
1947-07-01,2.5456935483870966,15.951612903225806
1947-08-01,3.2526653225806452,25.298387096774192
1947-09-01,3.644420833333333,32.12083333333333
1947-10-01,3.0658548387096776,23.056451612903224
1947-11-01,2.3222083333333337,14.033333333333333
1947-12-01,2.1101854838709677,10.544354838709678
1948-01-01,2.221774193548387,11.701612903225806
1948-02-01,2.3577284482758625,12.762931034482758
1948-03-01,2.4892379032258067,17.43548387096774
1948-04-01,2.312545833333333,12.704166666666667
1948-05-01,2.8588830645161294,18.741935483870968
1948-06-01,1.9944458333333333,9.825
1948-07-01,2.123657258064516,10.0
1948-08-01,2.6585846774193547,20.08467741935484
1948-09-01,2.5638625,14.895833333333334
1948-10-01,3.2338548387096773,27.201612903225808
1948-11-01,2.556925,15.875
1948-12-01,2.298379032258065,13.060483870967742
1949-01-01,2.5887016129032254,20.419354838709676
1949-02-01,2.431549107142857,14.450892857142858
1949-03-01,2.7190766129032258,19.18548387096774
1949-04-01,2.2680208333333334,14.229166666666666
1949-05-01,2.368245967741936,18.451612903225808
1949-06-01,2.365283333333333,14.158333333333333
1949-07-01,1.6209758064516129,7.717741935483871
1949-08-01,2.2674717741935484,14.14516129032258
1949-09-01,2.2958583333333333,12.775
1949-10-01,3.0201733870967744,25.278225806451612
1949-11-01,2.480541666666667,15.4125
1949-12-01,1.8601733870967743,8.653225806451612
1950-01-01,2.2621129032258067,11.65725806451613
1950-02-01,2.351200892857143,17.691964285714285
1950-03-01,2.278241935483871,14.21774193548387
1950-04-01,2.830525,18.4125
1950-05-01,2.5900564516129037,16.375
1950-06-01,2.3222416666666663,14.15
1950-07-01,2.3749959677419357,13.959677419354838
1950-08-01,2.913983870967742,24.737903225806452
1950-09-01,2.9986041666666665,22.325
1950-10-01,3.2809112903225808,27.987903225806452
1950-11-01,2.7680333333333333,19.879166666666666
1950-12-01,2.595423387096774,15.568548387096774
1951-01-01,2.7190887096774192,15.97983870967742
1951-02-01,3.0505758928571427,21.71875
1951-03-01,3.0981209677419352,21.411290322580644
1951-04-01,3.45,27.1625
1951-05-01,2.8924717741935484,20.45967741935484
1951-06-01,2.7944416666666667,17.4375
1951-07-01,2.9959798387096774,19.919354838709676
1951-08-01,3.1841209677419355,21.649193548387096
1951-09-01,3.912491666666667,39.92916666666667
1951-10-01,2.9529193548387096,24.092741935483872
1951-11-01,2.9250333333333334,18.0125
1951-12-01,2.927407258064516,20.076612903225808
1952-01-01,2.98254435483871,19.346774193548388
1952-02-01,3.3850474137931035,26.030172413793103
1952-03-01,3.689516129032258,33.42338709677419
1952-04-01,3.6888875,33.575
1952-05-01,3.258068548387097,27.008064516129032
1952-06-01,2.7430499999999998,17.620833333333334
1952-07-01,2.5067217741935486,14.737903225806452
1952-08-01,2.346786290322581,12.790322580645162
1952-09-01,3.0555833333333333,22.920833333333334
1952-10-01,2.797056451612903,19.97983870967742
1952-11-01,2.2250125,12.404166666666667
1952-12-01,2.473108870967742,15.149193548387096
1953-01-01,2.548391129032258,15.419354838709678
1953-02-01,2.3705133928571427,15.09375
1953-03-01,2.940866935483871,20.846774193548388
1953-04-01,2.7249791666666665,15.558333333333334
1953-05-01,2.4032056451612904,15.951612903225806
1953-06-01,2.169425,12.733333333333333
1953-07-01,2.598116935483871,15.536290322580646
1953-08-01,2.7876370967741932,18.842741935483872
1953-09-01,2.9430583333333336,21.145833333333332
1953-10-01,2.4180120967741936,16.22983870967742
1953-11-01,2.2347249999999996,13.504166666666666
1953-12-01,1.5631733870967743,6.895161290322581
1954-01-01,1.8440967741935483,8.725806451612904
1954-02-01,2.7246785714285715,16.441964285714285
1954-03-01,2.8360120967741937,16.18548387096774
1954-04-01,2.5027916666666665,13.825
1954-05-01,1.7203870967741937,7.370967741935484
1954-06-01,1.3708208333333334,5.754166666666666
1954-07-01,1.7271532258064517,7.600806451612903
1954-08-01,2.1142540322580645,9.883064516129032
1954-09-01,2.8347208333333334,16.620833333333334
1954-10-01,2.4328064516129033,14.858870967741936
1954-11-01,1.786125,8.6125
1954-12-01,1.4542862903225806,6.354838709677419
1955-01-01,1.9892379032258065,12.209677419354838
1955-02-01,2.264888392857143,11.660714285714286
1955-03-01,2.424717741935484,14.435483870967742
1955-04-01,2.361120833333333,13.879166666666666
1955-05-01,1.9596532258064516,11.366935483870968
1955-06-01,2.0055791666666667,9.4625
1955-07-01,1.7096612903225805,8.012096774193548
1955-08-01,1.7889314516129033,8.899193548387096
1955-09-01,2.3110833333333334,12.7625
1955-10-01,1.9663548387096774,11.286290322580646
1955-11-01,2.105583333333333,13.075
1955-12-01,1.6532177419354839,8.141129032258064
1956-01-01,2.7702096774193548,17.802419354838708
1956-02-01,2.3160603448275863,15.318965517241379
1956-03-01,2.7687943548387093,20.157258064516128
1956-04-01,3.1333541666666664,27.3875
1956-05-01,2.916641129032258,25.524193548387096
1956-06-01,2.833320833333333,16.720833333333335
1956-07-01,2.3924637096774193,13.008064516129032
1956-08-01,2.385770161290323,15.423387096774194
1956-09-01,2.4625166666666667,17.7125
1956-10-01,2.313165322580645,13.512096774193548
1956-11-01,3.0736166666666667,23.8625
1956-12-01,2.0725403225806454,10.28225806451613
1957-01-01,2.4543185483870964,16.745967741935484
1957-02-01,2.5997142857142856,16.6875
1957-03-01,3.2096451612903225,26.044354838709676
1957-04-01,3.0750125,21.408333333333335
1957-05-01,2.2056451612903225,10.685483870967742
1957-06-01,2.7778,22.041666666666668
1957-07-01,2.283608870967742,15.536290322580646
1957-08-01,2.22445564516129,13.596774193548388
1957-09-01,3.681966666666667,49.291666666666664
1957-10-01,2.483879032258064,13.709677419354838
1957-11-01,2.795820833333333,17.933333333333334
1957-12-01,2.905943548387097,17.733870967741936
1958-01-01,2.6048629032258064,14.774193548387096
1958-02-01,3.3199642857142857,26.84375
1958-03-01,3.5578225806451615,26.31451612903226
1958-04-01,3.0347,19.633333333333333
1958-05-01,2.65325,17.45967741935484
1958-06-01,2.9749874999999997,24.0625
1958-07-01,3.025520161290322,24.66532258064516
1958-08-01,2.569891129032258,17.64516129032258
1958-09-01,2.3972125,20.458333333333332
1958-10-01,2.506713709677419,16.22983870967742
1958-11-01,1.6874875,7.85
1958-12-01,2.4623387096774194,15.169354838709678
1959-01-01,2.391133064516129,13.77016129032258
1959-02-01,3.2247098214285717,24.035714285714285
1959-03-01,2.6962137096774197,23.983870967741936
1959-04-01,2.497245833333333,16.625
1959-05-01,2.6693467741935484,18.947580645161292
1959-06-01,2.5680458333333336,15.4625
1959-07-01,3.290334677419355,31.778225806451612
1959-08-01,3.03629435483871,23.399193548387096
1959-09-01,3.4958458333333335,28.3375
1959-10-01,2.6922016129032253,18.806451612903224
1959-11-01,3.000008333333333,21.833333333333332
1959-12-01,2.864241935483871,19.225806451612904
1960-01-01,2.463673387096774,14.983870967741936
1960-02-01,2.4569008620689656,13.935344827586206
1960-03-01,2.6451733870967744,18.262096774193548
1960-04-01,3.7138916666666666,41.85
1960-05-01,2.997314516129032,24.157258064516128
1960-06-01,2.91805,20.05
1960-07-01,2.8158629032258062,20.088709677419356
1960-08-01,2.7540524193548386,20.052419354838708
1960-09-01,2.669433333333333,20.470833333333335
1960-10-01,3.4019193548387094,36.104838709677416
1960-11-01,3.1361333333333334,32.475
1960-12-01,3.1062137096774194,21.302419354838708
1961-01-01,2.1451693548387096,11.959677419354838
1961-02-01,2.385401785714286,15.544642857142858
1961-03-01,2.290334677419355,13.915322580645162
1961-04-01,2.302770833333333,14.1625
1961-05-01,2.380387096774194,13.233870967741936
1961-06-01,2.2333166666666666,13.7875
1961-07-01,3.120959677419355,27.653225806451612
1961-08-01,2.017451612903226,11.25
1961-09-01,2.0958,12.708333333333334
1961-10-01,1.8911048387096776,16.221774193548388
1961-11-01,1.6624791666666667,9.8875
1961-12-01,1.8427016129032259,12.064516129032258
1962-01-01,1.3682822580645162,7.0
1962-02-01,1.9374866071428571,10.508928571428571
1962-03-01,1.7150201612903226,8.254032258064516
1962-04-01,2.3736375,14.05
1962-05-01,1.4905483870967742,7.25
1962-06-01,1.9611333333333332,9.258333333333333
1962-07-01,2.213701612903226,11.53225806451613
1962-08-01,2.5792943548387095,14.89516129032258
1962-09-01,2.8903000000000003,18.8875
1962-10-01,3.1411451612903227,20.024193548387096
1962-11-01,2.2694375,12.7875
1962-12-01,2.1330806451612903,12.72983870967742
1963-01-01,1.7782096774193548,10.60483870967742
1963-02-01,1.54609375,8.607142857142858
1963-03-01,1.5161290322580645,8.201612903225806
1963-04-01,1.8639000000000001,9.841666666666667
1963-05-01,2.071266129032258,10.887096774193548
1963-06-01,2.0666333333333333,10.920833333333333
1963-07-01,2.2150403225806454,11.862903225806452
1963-08-01,2.356181451612903,13.431451612903226
1963-09-01,3.2569333333333335,28.45
1963-10-01,2.204290322580645,15.30241935483871
1963-11-01,2.034666666666667,12.25
1963-12-01,1.9717822580645161,10.556451612903226
1964-01-01,2.067181451612903,11.806451612903226
1964-02-01,2.2155431034482755,11.995689655172415
1964-03-01,2.1626653225806454,12.737903225806452
1964-04-01,2.2499625,13.279166666666667
1964-05-01,1.8279516129032258,10.495967741935484
1964-06-01,1.6916791666666666,8.6
1964-07-01,1.8602137096774194,9.225806451612904
1964-08-01,1.649197580645161,7.983870967741935
1964-09-01,1.9083041666666667,11.066666666666666
1964-10-01,1.8843790322580647,9.616935483870968
1964-11-01,1.5388916666666668,7.35
1964-12-01,1.1760725806451613,5.217741935483871
1965-01-01,1.3723266129032257,6.282258064516129
1965-02-01,1.8631026785714284,9.232142857142858
1965-03-01,1.6451129032258065,8.21774193548387
1965-04-01,1.4430791666666667,7.829166666666667
1965-05-01,1.2419233870967743,5.725806451612903
1965-06-01,1.6319458333333334,9.716666666666667
1965-07-01,1.6411370967741936,7.713709677419355
1965-08-01,1.7647782258064517,8.504032258064516
1965-09-01,1.9374749999999998,10.083333333333334
1965-10-01,1.416633064516129,6.604838709677419
1965-11-01,1.2805333333333333,5.920833333333333
1965-12-01,1.4865443548387096,7.076612903225806
1966-01-01,1.4771451612903226,7.233870967741935
1966-02-01,1.6607142857142858,8.276785714285714
1966-03-01,1.9233870967741935,12.64516129032258
1966-04-01,1.4555624999999999,6.708333333333333
1966-05-01,1.5107459677419355,9.169354838709678
1966-06-01,1.3902541666666666,6.375
1966-07-01,1.7419193548387095,8.810483870967742
1966-08-01,1.958358870967742,11.19758064516129
1966-09-01,2.8555458333333332,21.033333333333335
1966-10-01,1.833326612903226,10.508064516129032
1966-11-01,1.8763708333333333,9.4625
1966-12-01,2.0483467741935484,11.435483870967742
1967-01-01,1.7754838709677419,11.362903225806452
1967-02-01,1.827357142857143,11.272321428571429
1967-03-01,1.5349475806451613,7.431451612903226
1967-04-01,1.7652958333333333,8.941666666666666
1967-05-01,2.6975645161290323,25.370967741935484
1967-06-01,1.9972083333333333,11.9
1967-07-01,1.666673387096774,8.05241935483871
1967-08-01,1.9784717741935485,8.85483870967742
1967-09-01,2.3625,16.141666666666666
1967-10-01,1.8857379032258066,9.862903225806452
1967-11-01,2.0083125,10.308333333333334
1967-12-01,2.381717741935484,14.100806451612904
1968-01-01,2.271524193548387,11.34274193548387
1968-02-01,2.603405172413793,16.33189655172414
1968-03-01,2.5174798387096775,13.383064516129032
1968-04-01,2.3472125,13.15
1968-05-01,2.4233709677419353,13.379032258064516
1968-06-01,2.5416541666666665,16.808333333333334
1968-07-01,2.0725685483870966,10.266129032258064
1968-08-01,2.1209516129032258,11.72983870967742
1968-09-01,2.3514291666666667,13.7625
1968-10-01,2.137100806451613,15.641129032258064
1968-11-01,2.2541583333333337,16.941666666666666
1968-12-01,2.017483870967742,9.82258064516129
1969-01-01,1.7015887096774192,8.391129032258064
1969-02-01,2.2708392857142856,14.633928571428571
1969-03-01,2.5618427419354837,16.883064516129032
1969-04-01,2.495833333333333,14.220833333333333
1969-05-01,2.4529556451612904,17.056451612903224
1969-06-01,1.9041708333333334,9.141666666666667
1969-07-01,1.521508064516129,7.94758064516129
1969-08-01,1.7190927419354838,7.895161290322581
1969-09-01,2.1027625,14.975
1969-10-01,1.792991935483871,8.733870967741936
1969-11-01,1.8624833333333333,9.945833333333333
1969-12-01,1.4905604838709676,6.75
1970-01-01,1.5940927419354838,7.338709677419355
1970-02-01,1.4553571428571428,6.776785714285714
1970-03-01,2.2607016129032256,17.463709677419356
1970-04-01,2.4138916666666663,15.566666666666666
1970-05-01,1.8736612903225807,9.10483870967742
1970-06-01,2.0458083333333335,10.433333333333334
1970-07-01,2.611548387096774,19.048387096774192
1970-08-01,2.0766653225806455,13.383064516129032
1970-09-01,2.14165,10.816666666666666
1970-10-01,2.1021572580645165,12.39516129032258
1970-11-01,2.1222208333333334,11.829166666666667
1970-12-01,1.5846572580645162,8.766129032258064
1971-01-01,2.1653508064516127,12.350806451612904
1971-02-01,2.1830133928571427,12.089285714285714
1971-03-01,2.0913870967741937,11.44758064516129
1971-04-01,2.4041541666666664,14.954166666666667
1971-05-01,2.154540322580645,13.451612903225806
1971-06-01,1.8235833333333333,9.45
1971-07-01,1.701592741935484,7.75
1971-08-01,1.8319717741935484,8.78225806451613
1971-09-01,2.2110875,12.729166666666666
1971-10-01,2.130387096774194,11.778225806451612
1971-11-01,1.8124916666666666,10.545833333333333
1971-12-01,1.8091612903225807,9.919354838709678
1972-01-01,2.2741774193548387,12.536290322580646
1972-02-01,1.9827629310344828,10.099137931034482
1972-03-01,2.1760806451612904,12.262096774193548
1972-04-01,2.027779166666667,10.875
1972-05-01,1.9448870967741936,9.870967741935484
1972-06-01,2.180541666666667,14.458333333333334
1972-07-01,1.620951612903226,7.733870967741935
1972-08-01,2.5954153225806453,24.141129032258064
1972-09-01,2.1611208333333334,12.929166666666667
1972-10-01,2.1558951612903225,12.09274193548387
1972-11-01,2.238870833333333,14.025
1972-12-01,1.8306411290322582,9.983870967741936
1973-01-01,2.6478266129032257,15.665322580645162
1973-02-01,2.9642901785714284,20.241071428571427
1973-03-01,3.1639556451612907,25.322580645161292
1973-04-01,3.393108333333333,29.666666666666668
1973-05-01,2.586040322580645,16.802419354838708
1973-06-01,2.759704166666667,17.208333333333332
1973-07-01,2.240604838709677,11.758064516129032
1973-08-01,2.2137177419354837,12.189516129032258
1973-09-01,2.3166708333333332,14.1375
1973-10-01,2.716391129032258,18.423387096774192
1973-11-01,2.2125,12.004166666666666
1973-12-01,2.0913629032258063,11.40725806451613
1974-01-01,2.5577822580645164,14.766129032258064
1974-02-01,2.6130669642857143,16.245535714285715
1974-03-01,3.20158064516129,22.532258064516128
1974-04-01,3.1097333333333332,21.175
1974-05-01,2.856165322580645,17.887096774193548
1974-06-01,2.8346958333333334,17.441666666666666
1974-07-01,3.1008266129032256,23.717741935483872
1974-08-01,2.969092741935484,19.286290322580644
1974-09-01,3.077775,23.154166666666665
1974-10-01,3.3239193548387096,25.56048387096774
1974-11-01,2.6430625,17.595833333333335
1974-12-01,2.779548387096774,15.42741935483871
1975-01-01,2.551036290322581,15.5
1975-02-01,3.0134107142857145,18.330357142857142
1975-03-01,2.9193467741935484,20.080645161290324
1975-04-01,2.4972416666666666,15.75
1975-05-01,2.369612903225806,13.314516129032258
1975-06-01,2.1736291666666667,11.25
1975-07-01,2.268802419354839,11.983870967741936
1975-08-01,2.033625,10.245967741935484
1975-09-01,1.9208416666666668,9.683333333333334
1975-10-01,2.0497379032258065,11.725806451612904
1975-11-01,2.6375125,17.833333333333332
1975-12-01,2.228512096774194,11.94758064516129
1976-01-01,2.3602137096774194,13.419354838709678
1976-02-01,2.870659482758621,16.810344827586206
1976-03-01,3.032270161290323,22.52016129032258
1976-04-01,2.5721875,17.420833333333334
1976-05-01,2.225814516129032,14.076612903225806
1976-06-01,1.891675,9.75
1976-07-01,1.901891129032258,8.862903225806452
1976-08-01,1.776883064516129,8.633064516129032
1976-09-01,2.4111416666666665,13.120833333333334
1976-10-01,2.1169435483870966,11.588709677419354
1976-11-01,1.8083208333333334,8.9
1976-12-01,1.9260403225806453,10.25
1977-01-01,2.0335846774193547,10.161290322580646
1977-02-01,2.2232098214285716,11.102678571428571
1977-03-01,2.0913951612903228,10.838709677419354
1977-04-01,2.5083208333333333,15.616666666666667
1977-05-01,2.0604879032258063,11.366935483870968
1977-06-01,1.7778,7.5125
1977-07-01,2.3992056451612904,13.633064516129032
1977-08-01,2.395157258064516,13.03225806451613
1977-09-01,2.3444708333333333,15.945833333333333
1977-10-01,2.151866935483871,12.97983870967742
1977-11-01,1.8707916666666666,9.941666666666666
1977-12-01,1.7849314516129033,10.435483870967742
1978-01-01,2.228516129032258,15.17741935483871
1978-02-01,2.6473169642857144,15.919642857142858
1978-03-01,2.61825,16.39516129032258
1978-04-01,3.08055,23.283333333333335
1978-05-01,2.807790322580645,24.641129032258064
1978-06-01,2.84585,19.558333333333334
1978-07-01,2.068548387096774,13.096774193548388
1978-08-01,2.3534959677419356,16.842741935483872
1978-09-01,2.5375125,18.308333333333334
1978-10-01,2.254032258064516,11.721774193548388
1978-11-01,2.4250041666666666,15.0375
1978-12-01,2.232516129032258,13.213709677419354
1979-01-01,2.7567096774193547,16.431451612903224
1979-02-01,2.535723214285714,14.875
1979-03-01,2.8010524193548383,18.556451612903224
1979-04-01,3.1860791666666666,25.254166666666666
1979-05-01,2.5013306451612904,13.89516129032258
1979-06-01,2.230566666666667,11.516666666666667
1979-07-01,2.1975725806451614,11.576612903225806
1979-08-01,2.630383064516129,17.548387096774192
1979-09-01,2.4736041666666666,13.708333333333334
1979-10-01,2.200282258064516,11.616935483870968
1979-11-01,1.9041416666666666,9.804166666666667
1979-12-01,1.913967741935484,8.995967741935484
1980-01-01,1.998641129032258,10.346774193548388
1980-02-01,1.9841724137931036,10.961206896551724
1980-03-01,1.6155806451612902,7.568548387096774
1980-04-01,2.1416916666666665,11.466666666666667
1980-05-01,1.9355040322580646,10.221774193548388
1980-06-01,2.2361166666666668,13.15
1980-07-01,2.045685483870968,10.919354838709678
1980-08-01,1.982483870967742,10.068548387096774
1980-09-01,1.8055583333333334,8.033333333333333
1980-10-01,2.384395161290323,14.0
1980-11-01,2.595833333333333,13.4125
1980-12-01,2.237899193548387,12.846774193548388
1981-01-01,1.9865604838709676,9.060483870967742
1981-02-01,2.3735,14.0625
1981-03-01,2.7526733870967743,17.879032258064516
1981-04-01,3.3444583333333333,27.6625
1981-05-01,2.7392580645161293,19.633064516129032
1981-06-01,2.1666583333333334,11.5
1981-07-01,2.6828387096774198,19.06451612903226
1981-08-01,2.7083306451612907,15.495967741935484
1981-09-01,2.3499791666666665,12.454166666666667
1981-10-01,3.127693548387097,23.451612903225808
1981-11-01,2.5041749999999996,14.716666666666667
1981-12-01,2.0443306451612906,10.15725806451613
1982-01-01,2.239266129032258,11.911290322580646
1982-02-01,3.9568482142857144,32.825892857142854
1982-03-01,2.608875,17.842741935483872
1982-04-01,3.1374791666666666,21.95
1982-05-01,2.6679959677419354,17.10483870967742
1982-06-01,3.1124791666666667,21.716666666666665
1982-07-01,3.3750201612903226,30.052419354838708
1982-08-01,3.1048387096774195,21.370967741935484
1982-09-01,3.6722166666666665,35.95
1982-10-01,2.9637137096774193,18.286290322580644
1982-11-01,2.9125,20.595833333333335
1982-12-01,2.962342741935484,20.786290322580644
1983-01-01,2.629004032258065,15.641129032258064
1983-02-01,3.2455357142857144,26.526785714285715
1983-03-01,3.1559233870967742,23.157258064516128
1983-04-01,3.4527875,24.1625
1983-05-01,2.9663870967741937,22.10483870967742
1983-06-01,2.615279166666667,15.491666666666667
1983-07-01,2.3911411290322584,12.379032258064516
1983-08-01,2.5443306451612906,16.431451612903224
1983-09-01,2.504141666666667,14.470833333333333
1983-10-01,2.7042943548387095,17.18548387096774
1983-11-01,3.0749625,20.895833333333332
1983-12-01,2.5792943548387095,14.685483870967742
1984-01-01,2.4099475806451616,13.294354838709678
1984-02-01,2.7040258620689652,16.59051724137931
1984-03-01,3.056415322580645,21.06451612903226
1984-04-01,3.124975,25.225
1984-05-01,2.7459798387096774,16.758064516129032
1984-06-01,2.6222374999999998,15.2125
1984-07-01,2.7110201612903224,15.959677419354838
1984-08-01,2.6021532258064513,16.02016129032258
1984-09-01,3.098608333333333,23.566666666666666
1984-10-01,3.1653225806451615,23.419354838709676
1984-11-01,3.0041625,20.625
1984-12-01,2.9569959677419355,17.782258064516128
1985-01-01,2.6088588709677416,15.911290322580646
1985-02-01,2.53125,15.28125
1985-03-01,2.1169112903225806,11.310483870967742
1985-04-01,2.7625125,21.083333333333332
1985-05-01,1.8198870967741936,8.544354838709678
1985-06-01,2.0833458333333335,11.1875
1985-07-01,2.494612903225806,14.205645161290322
1985-08-01,2.3561451612903226,12.94758064516129
1985-09-01,2.2638625,12.7875
1985-10-01,2.3978427419354835,14.056451612903226
1985-11-01,2.3916625000000002,14.5125
1985-12-01,2.301060483870968,13.004032258064516
1986-01-01,2.317221774193549,13.508064516129032
1986-02-01,3.053602678571429,27.352678571428573
1986-03-01,2.3575201612903225,12.741935483870968
1986-04-01,1.7986624999999998,7.895833333333333
1986-05-01,1.9758145161290324,11.665322580645162
1986-06-01,1.8694541666666666,8.420833333333333
1986-07-01,1.7782096774193548,8.209677419354838
1986-08-01,2.3091370967741933,12.451612903225806
1986-09-01,2.5791708333333334,16.633333333333333
1986-10-01,1.9959475806451612,10.516129032258064
1986-11-01,2.1013916666666668,13.170833333333333
1986-12-01,1.7997177419354837,8.334677419354838
1987-01-01,1.80375,8.004032258064516
1987-02-01,2.0357142857142856,9.794642857142858
1987-03-01,2.111532258064516,10.387096774193548
1987-04-01,1.5569333333333333,6.995833333333334
1987-05-01,1.637116935483871,7.790322580645161
1987-06-01,1.59585,7.095833333333333
1987-07-01,2.0255604838709678,10.733870967741936
1987-08-01,2.45025,13.508064516129032
1987-09-01,2.9555625,19.291666666666668
1987-10-01,2.6182379032258063,15.689516129032258
1987-11-01,2.3721958333333335,12.8625
1987-12-01,1.798350806451613,9.334677419354838
1988-01-01,2.1411048387096776,13.34274193548387
1988-02-01,2.3275948275862066,14.758620689655173
1988-03-01,2.4072298387096778,14.205645161290322
1988-04-01,2.476408333333333,15.958333333333334
1988-05-01,2.073939516129032,12.161290322580646
1988-06-01,2.133329166666667,10.795833333333333
1988-07-01,2.157270161290323,10.451612903225806
1988-08-01,2.1586048387096772,10.495967741935484
1988-09-01,2.2611,12.295833333333333
1988-10-01,2.131701612903226,12.57258064516129
1988-11-01,2.3208416666666665,12.295833333333333
1988-12-01,2.4099556451612902,13.391129032258064
1989-01-01,2.957,18.786290322580644
1989-02-01,2.711330357142857,15.446428571428571
1989-03-01,4.005362903225807,41.42741935483871
1989-04-01,3.20415,22.795833333333334
1989-05-01,2.6357500000000003,16.411290322580644
1989-06-01,2.587475,16.975
1989-07-01,1.7069798387096775,7.770161290322581
1989-08-01,2.7110201612903224,19.766129032258064
1989-09-01,2.4972083333333335,17.1
1989-10-01,2.712366935483871,21.092741935483872
1989-11-01,2.8096958333333335,19.158333333333335
1989-12-01,2.650504032258065,16.29032258064516
1990-01-01,2.5967701612903227,13.774193548387096
1990-02-01,3.267875,22.915178571428573
1990-03-01,3.173383064516129,23.213709677419356
1990-04-01,3.3430375,27.2875
1990-05-01,2.6102056451612903,15.870967741935484
1990-06-01,2.29305,16.145833333333332
1990-07-01,2.1491975806451613,13.721774193548388
1990-08-01,2.7809112903225808,18.637096774193548
1990-09-01,2.5486041666666663,13.5625
1990-10-01,2.494600806451613,14.59274193548387
1990-11-01,1.7805416666666667,8.958333333333334
1990-12-01,1.576600806451613,7.004032258064516
1991-01-01,1.8346653225806453,8.40725806451613
1991-02-01,2.1577901785714286,10.383928571428571
1991-03-01,3.043024193548387,27.096774193548388
1991-04-01,2.6597125,16.533333333333335
1991-05-01,2.694915322580645,17.70967741935484
1991-06-01,4.047220833333333,44.38333333333333
1991-07-01,3.1317298387096772,27.169354838709676
1991-08-01,3.6034919354838713,30.43548387096774
1991-09-01,3.0152625,20.470833333333335
1991-10-01,3.5564354838709678,30.83467741935484
1991-11-01,3.6402666666666668,32.545833333333334
1991-12-01,2.6572540322580647,14.528225806451612
1992-01-01,2.5981129032258066,14.05241935483871
1992-02-01,3.4569008620689656,31.375
1992-03-01,2.6250322580645165,13.97983870967742
1992-04-01,2.21945,11.279166666666667
1992-05-01,2.6343991935483873,20.616935483870968
1992-06-01,2.462475,15.166666666666666
1992-07-01,1.9771451612903226,9.754032258064516
1992-08-01,2.362883064516129,14.55241935483871
1992-09-01,3.0527875,25.054166666666667
1992-10-01,2.63304435483871,15.471774193548388
1992-11-01,2.5527583333333337,14.195833333333333
1992-12-01,2.428741935483871,13.451612903225806
1993-01-01,2.8481008064516127,17.141129032258064
1993-02-01,2.5878169642857145,15.696428571428571
1993-03-01,3.3642540322580645,24.431451612903224
1993-04-01,2.7597458333333336,18.8375
1993-05-01,2.0940604838709675,12.403225806451612
1993-06-01,2.162491666666667,12.4375
1993-07-01,1.967758064516129,9.810483870967742
1993-08-01,1.9542983870967743,11.725806451612904
1993-09-01,2.3264,14.791666666666666
1993-10-01,2.360217741935484,14.22983870967742
1993-11-01,2.3694458333333333,14.55
1993-12-01,2.417991935483871,14.44758064516129
1994-01-01,2.5967540322580644,14.713709677419354
1994-02-01,3.4791607142857144,29.517857142857142
1994-03-01,3.3266491935483873,24.35483870967742
1994-04-01,3.3166583333333337,28.7
1994-05-01,3.3790645161290325,25.68548387096774
1994-06-01,2.6513666666666666,14.425
1994-07-01,2.1626169354838707,11.310483870967742
1994-08-01,1.743274193548387,8.149193548387096
1994-09-01,2.2222458333333335,12.054166666666667
1994-10-01,2.947616935483871,22.495967741935484
1994-11-01,2.437520833333333,13.816666666666666
1994-12-01,2.5174879032258066,13.133064516129032
1995-01-01,2.288959677419355,13.794354838709678
1995-02-01,2.44640625,14.924107142857142
1995-03-01,2.403213709677419,14.891129032258064
1995-04-01,2.3680250000000003,15.8875
1995-05-01,2.770157258064516,18.447580645161292
1995-06-01,2.0750208333333333,10.691666666666666
1995-07-01,1.6223185483870968,7.911290322580645
1995-08-01,1.94625,9.326612903225806
1995-09-01,2.1208208333333336,12.7
1995-10-01,2.510766129032258,16.157258064516128
1995-11-01,1.6791541666666667,8.583333333333334
1995-12-01,1.7137056451612904,8.588709677419354
1996-01-01,1.8830725806451614,9.05241935483871
1996-02-01,2.137935344827586,10.254310344827585
1996-03-01,2.2285120967741934,11.47983870967742
1996-04-01,2.0597125000000003,11.05
1996-05-01,1.6115685483870967,6.673387096774194
1996-06-01,1.2722208333333331,5.308333333333334
1996-07-01,1.587391129032258,6.673387096774194
1996-08-01,1.9274274193548389,9.02016129032258
1996-09-01,2.5222249999999997,14.825
1996-10-01,2.2782217741935487,12.89516129032258
1996-11-01,1.6861166666666667,7.825
1996-12-01,1.505399193548387,6.995967741935484
1997-01-01,1.7244798387096774,8.548387096774194
1997-02-01,2.0089151785714288,11.075892857142858
1997-03-01,1.6720322580645162,7.887096774193548
1997-04-01,1.8958583333333334,10.183333333333334
1997-05-01,1.4757862903225807,8.213709677419354
1997-06-01,1.4861083333333334,6.8375
1997-07-01,1.4166895161290323,6.080645161290323
1997-08-01,1.5187943548387097,6.858870967741935
1997-09-01,1.9319208333333333,9.85
1997-10-01,1.8239153225806453,10.46774193548387
1997-11-01,1.6930375,10.525
1997-12-01,0.9435322580645161,4.419354838709677
1998-01-01,1.5242016129032259,7.540322580645161
1998-02-01,1.5654642857142858,7.892857142857143
1998-03-01,2.2043104838709677,12.641129032258064
1998-04-01,1.8833666666666666,9.754166666666666
1998-05-01,2.4959395161290323,17.661290322580644
1998-06-01,1.9264083333333335,9.758333333333333
1998-07-01,1.9368024193548388,10.810483870967742
1998-08-01,2.3749838709677418,17.903225806451612
1998-09-01,1.9889125,12.65
1998-10-01,2.16125,12.741935483870968
1998-11-01,2.370820833333333,16.091666666666665
1998-12-01,1.6881612903225807,8.149193548387096
1999-01-01,1.9932379032258065,10.22983870967742
1999-02-01,1.9717500000000001,12.058035714285714
1999-03-01,2.332,13.504032258064516
1999-04-01,2.2097083333333334,12.05
1999-05-01,1.7298266129032258,8.076612903225806
1999-06-01,1.4916458333333333,7.225
1999-07-01,1.7473346774193548,9.637096774193548
1999-08-01,2.5215040322580644,14.733870967741936
1999-09-01,2.8319625000000004,18.85
1999-10-01,2.8817459677419355,19.383064516129032
1999-11-01,2.4749791666666665,13.791666666666666
1999-12-01,1.9542903225806452,10.387096774193548
2000-01-01,2.3453790322580645,12.959677419354838
2000-02-01,2.5718534482758617,15.508620689655173
2000-03-01,1.8158588709677421,8.830645161290322
2000-04-01,2.3750125,15.420833333333333
2000-05-01,2.458334677419355,15.096774193548388
2000-06-01,2.4986208333333333,15.275
2000-07-01,2.634407258064516,21.407258064516128
2000-08-01,2.366915322580645,16.032258064516128
2000-09-01,2.6333625,17.675
2000-10-01,2.4247379032258065,17.75
2000-11-01,2.4861375,17.120833333333334
2000-12-01,1.6075120967741936,7.375
2001-01-01,1.743274193548387,8.30241935483871
2001-02-01,1.5133928571428572,6.910714285714286
2001-03-01,2.430108870967742,20.18951612903226
2001-04-01,2.788883333333333,22.1625
2001-05-01,1.9112822580645161,10.185483870967742
2001-06-01,1.9166375,9.566666666666666
2001-07-01,1.956967741935484,9.09274193548387
2001-08-01,2.1088709677419355,10.919354838709678
2001-09-01,2.1402916666666667,12.570833333333333
2001-10-01,2.6223225806451613,20.471774193548388
2001-11-01,1.9027625000000001,15.641666666666667
2001-12-01,1.944899193548387,8.915322580645162
2002-01-01,1.744625,8.133064516129032
2002-02-01,2.0818392857142856,10.15625
2002-03-01,1.9367983870967742,10.399193548387096
2002-04-01,2.3624666666666667,16.991666666666667
2002-05-01,1.973108870967742,12.245967741935484
2002-06-01,1.7110958333333335,7.445833333333334
2002-07-01,2.169358870967742,10.72983870967742
2002-08-01,2.37904435483871,13.737903225806452
2002-09-01,2.1069625,13.008333333333333
2002-10-01,3.311875,24.766129032258064
2002-11-01,2.859729166666667,16.829166666666666
2002-12-01,2.392467741935484,12.681451612903226
2003-01-01,2.376366935483871,12.556451612903226
2003-02-01,2.919633928571429,16.915178571428573
2003-03-01,3.2016129032258065,21.18548387096774
2003-04-01,3.2222125,20.270833333333332
2003-05-01,3.389770161290323,26.133064516129032
2003-06-01,3.4764,23.970833333333335
2003-07-01,2.943524193548387,19.471774193548388
2003-08-01,3.170685483870968,22.987903225806452
2003-09-01,2.779125,18.3375
2003-10-01,3.1868185483870968,34.774193548387096
2003-11-01,3.362508333333333,27.929166666666667
2003-12-01,2.662641129032258,16.495967741935484
2004-01-01,3.322584677419355,21.572580645161292
2004-02-01,2.3922499999999998,12.948275862068966
2004-03-01,2.4220040322580645,14.141129032258064
2004-04-01,2.0610958333333333,11.170833333333333
2004-05-01,1.8790483870967742,8.491935483870968
2004-06-01,1.7722416666666667,8.033333333333333
2004-07-01,2.3789717741935483,22.721774193548388
2004-08-01,1.8266129032258065,9.254032258064516
2004-09-01,1.647225,8.579166666666667
2004-10-01,1.6505362903225806,8.100806451612904
2004-11-01,2.5416499999999997,24.625
2004-12-01,2.151850806451613,10.90725806451613
2005-01-01,3.0013306451612904,23.673387096774192
2005-02-01,2.072892857142857,11.290178571428571
2005-03-01,2.067197580645161,11.689516129032258
2005-04-01,1.9013833333333332,11.0
2005-05-01,2.4220443548387096,18.725806451612904
2005-06-01,1.975025,12.070833333333333
2005-07-01,2.318520161290323,14.225806451612904
2005-08-01,2.188173387096774,13.959677419354838
2005-09-01,2.6999958333333334,20.129166666666666
2005-10-01,1.5967661290322581,7.766129032258065
2005-11-01,1.7889083333333333,8.483333333333333
2005-12-01,1.7217620967741936,8.52016129032258
2006-01-01,1.3871048387096774,6.423387096774194
2006-02-01,1.3764776785714286,6.28125
2006-03-01,1.5900282258064515,8.35483870967742
2006-04-01,1.6861041666666667,10.816666666666666
2006-05-01,1.4610201612903226,6.967741935483871
2006-06-01,1.5305333333333333,7.266666666666667
2006-07-01,1.298366935483871,6.455645161290323
2006-08-01,1.6747177419354837,9.165322580645162
2006-09-01,1.5819125,7.754166666666666
2006-10-01,1.6773991935483872,8.55241935483871
2006-11-01,1.6458291666666667,8.6375
2006-12-01,2.1854758064516124,14.762096774193548
2007-01-01,1.846741935483871,9.891129032258064
2007-02-01,1.4821473214285714,7.066964285714286
2007-03-01,1.6276733870967743,8.004032258064516
2007-04-01,1.7180375,9.033333333333333
2007-05-01,1.5201169354838708,7.959677419354839
2007-06-01,1.4125041666666667,6.141666666666667
2007-07-01,1.3561653225806451,6.685483870967742
2007-08-01,1.344064516129032,6.379032258064516
2007-09-01,1.7458541666666667,9.0375
2007-10-01,1.4368346774193548,6.810483870967742
2007-11-01,1.4055375,6.591666666666667
2007-12-01,1.2835645161290323,6.064516129032258
2008-01-01,1.7029798387096775,7.903225806451613
2008-02-01,2.119219827586207,10.831896551724139
2008-03-01,2.1156008064516127,11.237903225806452
2008-04-01,1.8819375,9.1875
2008-05-01,1.4596612903225805,6.338709677419355
2008-06-01,1.4860958333333334,6.7
2008-07-01,1.212342741935484,5.362903225806452
2008-08-01,1.0537298387096774,4.899193548387097
2008-09-01,1.1763666666666668,5.5875
2008-10-01,1.3360201612903224,6.568548387096774
2008-11-01,0.904125,4.154166666666667
2008-12-01,0.9918911290322581,4.44758064516129
2009-01-01,1.0214798387096775,4.229838709677419
2009-02-01,0.98509375,4.517857142857143
2009-03-01,1.190875,5.209677419354839
2009-04-01,1.0707833333333334,4.466666666666667
2009-05-01,0.9139475806451612,3.8629032258064515
2009-06-01,0.9347208333333333,4.170833333333333
2009-07-01,0.9677096774193548,4.403225806451613
2009-08-01,1.0590967741935484,4.733870967741935
2009-09-01,0.8597125000000001,3.6125
2009-10-01,0.7539959677419356,3.443548387096774
2009-11-01,0.6180249999999999,2.625
2009-12-01,0.44485887096774196,1.9153225806451613
2010-01-01,0.7123145161290323,3.068548387096774
2010-02-01,1.038669642857143,4.607142857142857
2010-03-01,1.1102217741935483,4.645161290322581
2010-04-01,1.7110791666666667,10.2375
2010-05-01,1.564491935483871,8.149193548387096
2010-06-01,1.5486041666666668,6.85
2010-07-01,1.204282258064516,5.149193548387097
2010-08-01,1.4408306451612904,7.774193548387097
2010-09-01,1.2319375000000001,5.445833333333334
2010-10-01,1.3010887096774195,6.068548387096774
2010-11-01,1.2125083333333333,5.495833333333334
2010-12-01,0.9569596774193548,4.213709677419355
2011-01-01,1.3212217741935484,5.512096774193548
2011-02-01,1.3035803571428572,6.441964285714286
2011-03-01,1.5376370967741935,8.17741935483871
2011-04-01,1.6652875,8.829166666666667
2011-05-01,1.696225806451613,8.935483870967742
2011-06-01,1.7319541666666667,8.0625
2011-07-01,1.7983870967741935,8.15725806451613
2011-08-01,1.3897862903225806,7.262096774193548
2011-09-01,1.9305541666666666,12.266666666666667
2011-10-01,1.3803709677419354,7.362903225806452
2011-11-01,1.1124958333333335,4.929166666666666
2011-12-01,0.9381653225806451,3.9274193548387095
2012-01-01,1.4892379032258065,6.951612903225806
2012-02-01,1.810331896551724,8.806034482758621
2012-03-01,2.4287862903225808,16.080645161290324
2012-04-01,1.8805333333333334,10.0875
2012-05-01,1.5551048387096773,7.181451612903226
2012-06-01,1.7930583333333334,10.079166666666667
2012-07-01,2.2715080645161287,13.90725806451613
2012-08-01,1.572584677419355,6.943548387096774
2012-09-01,1.5708333333333333,8.066666666666666
2012-10-01,1.5873629032258065,9.96774193548387
2012-11-01,1.3194291666666667,7.079166666666667
2012-12-01,0.8077701612903225,3.439516129032258
2013-01-01,1.180100806451613,5.298387096774194
2013-02-01,1.4211339285714286,6.111607142857143
2013-03-01,1.7580564516129031,10.560483870967742
2013-04-01,1.18885,5.395833333333333
2013-05-01,1.8951370967741936,9.72983870967742
2013-06-01,2.072175,12.604166666666666
2013-07-01,1.809157258064516,9.471774193548388
2013-08-01,1.7136854838709679,8.274193548387096
2013-09-01,1.2388958333333333,5.241666666666666
2013-10-01,1.267443548387097,7.709677419354839
2013-11-01,1.1805416666666666,5.675
2013-12-01,0.9932620967741935,4.67741935483871
2014-01-01,1.2486693548387098,5.439516129032258
2014-02-01,1.8363035714285714,10.700892857142858
2014-03-01,1.1666975806451614,4.875
2014-04-01,1.6458374999999998,7.875
2014-05-01,1.237866935483871,5.745967741935484
2014-06-01,1.40555,6.716666666666667
2014-07-01,1.1169193548387095,4.504032258064516
2014-08-01,1.6304032258064518,7.705645161290323
2014-09-01,2.0319374999999997,9.779166666666667
2014-10-01,1.9287701612903225,8.959677419354838
2014-11-01,2.0152666666666668,9.325
2014-12-01,2.2943427419354836,11.241935483870968
2015-01-01,1.9583185483870968,9.459677419354838
2015-02-01,1.9583392857142858,9.915178571428571
2015-03-01,2.4690604838709675,16.141129032258064
2015-04-01,1.9680375,10.725
2015-05-01,1.6760725806451613,8.290322580645162
2015-06-01,2.0277583333333333,13.145833333333334
2015-07-01,1.7123508064516129,8.834677419354838
2015-08-01,2.4314637096774194,14.27016129032258
2015-09-01,2.4097125,15.775
2015-10-01,2.315883064516129,14.016129032258064
2015-11-01,2.048583333333333,12.0875
2015-12-01,2.3749838709677418,14.294354838709678
2016-01-01,1.8198790322580645,9.415322580645162
2016-02-01,1.8534439655172414,9.862068965517242
2016-03-01,2.0241975806451613,10.576612903225806
2016-04-01,1.7180416666666667,9.025
2016-05-01,2.0913709677419354,11.649193548387096
2016-06-01,1.7000041666666665,8.4375
2016-07-01,1.8844032258064516,9.193548387096774
2016-08-01,1.8736693548387098,9.608870967741936
2016-09-01,2.3444333333333334,14.5375
2016-10-01,2.455637096774194,15.318548387096774
2016-11-01,1.7750041666666665,8.904166666666667
2016-12-01,1.8010564516129033,9.375
2017-01-01,1.9623709677419354,9.451612903225806
2017-02-01,1.9404642857142858,9.575892857142858
2017-03-01,2.288959677419355,14.201612903225806
2017-04-01,2.1055208333333333,11.7
2017-05-01,1.5712379032258064,8.096774193548388
2017-06-01,1.34305,6.083333333333333
2017-07-01,1.6639637096774194,8.96774193548387
2017-08-01,1.9758104838709676,10.65725806451613
2017-09-01,2.5638958333333335,18.216666666666665
2017-10-01,1.8333104838709677,10.30241935483871
2017-11-01,1.8624875,10.0625
2017-12-01,1.5201451612903225,7.338709677419355
2018-01-01,1.2580645161290323,5.528225806451613
2018-02-01,1.3570937500000002,6.401785714285714
2018-03-01,1.6263427419354837,7.907258064516129
2018-04-01,1.3930541666666667,6.8
2018-05-01,1.4287459677419354,7.161290322580645
2018-06-01,1.4166750000000001,6.825
2018-07-01,1.2217661290322581,5.379032258064516
2018-08-01,1.6639879032258065,8.983870967741936
2018-09-01,1.7875083333333335,8.9125
2018-10-01,1.3454274193548388,6.487903225806452
2018-11-01,1.1374791666666666,5.779166666666667
2018-12-01,1.3924798387096773,6.100806451612903
2019-01-01,1.2768790322580645,5.826612903225806
2019-02-01,1.4642544642857143,6.879464285714286
2019-03-01,1.3508064516129032,6.116935483870968
2019-04-01,1.4375125,6.066666666666666
2019-05-01,1.4515725806451614,6.979838709677419
2019-06-01,0.94025,4.2625
2019-07-01,1.2325000000000002,5.362903225806452
2019-08-01,1.3656048387096775,6.790322580645161
2019-09-01,1.8958208333333333,9.808333333333334
2019-10-01,1.575266129032258,7.532258064516129
2019-11-01,0.9916708333333334,4.191666666666666
2019-12-01,0.7284717741935484,3.217741935483871
2020-01-01,1.025508064516129,4.387096774193548
2020-02-01,1.4094741379310345,6.155172413793103
2020-03-01,1.3413951612903225,5.625
2020-04-01,1.2360875,5.320833333333334
2020-05-01,0.8883830645161291,3.8024193548387095
2020-06-01,0.8847041666666667,3.754166666666667
2020-07-01,,
2020-08-01,,
2020-09-01,,
2020-10-01,,
2020-11-01,,
2020-12-01,,
2021-01-01,,
2021-02-01,,
2021-03-01,,
2021-04-01,,
2021-05-01,,
2021-06-01,,
2021-07-01,,
2021-08-01,,
2021-09-01,,
2021-10-01,,
2021-11-01,,
2021-12-01,,
2022-01-01,,
2022-02-01,,
2022-03-01,,
2022-04-01,,
2022-05-01,,
2022-06-01,,
2022-07-01,,
2022-08-01,,
2022-09-01,,
2022-10-01,,
2022-11-01,,
2022-12-01,,
2023-01-01,1.8602298387096774,8.725806451612904
2023-02-01,2.3303348214285715,14.477678571428571
2023-03-01,2.3225725806451614,14.415322580645162
2023-04-01,,
2023-05-01,,
2023-06-01,,
2023-07-01,,
2023-08-01,,
2023-09-01,,
2023-10-01,,
2023-11-01,,
2023-12-01,,
2024-01-01,,
2024-02-01,,
2024-03-01,,
2024-04-01,,
2024-05-01,,
2024-06-01,,
2024-07-01,,
2024-08-01,,
2024-09-01,,
2024-10-01,,
2024-11-01,,
2024-12-01,,
2025-01-01,,
2025-02-01,,
2025-03-01,,
2025-04-01,,
2025-05-01,,
2025-06-01,,
2025-07-01,2.288995967741936,11.80241935483871
2025-08-01,2.0336048387096772,9.96774193548387
